timeSeries,Azimuth (rad),Range (km),Speed (km/s),Heading (rad),x-axis,y-axis
0,3.6633333331795863,200.0,0.12,1.049055647,-173.39059125383577,-99.67799588999196
10,3.660298317179586,198.9639228,0.12,1.049055647,-172.7925232792583,-98.63765241910082
20,3.657231555179586,197.9296974,0.12,1.049055647,-172.194455246813,-97.59730885177567
30,3.654132605179586,196.89735320000003,0.12,1.049055647,-171.59638733566058,-96.55696531330875
40,3.651001018179586,195.8669197,0.12,1.049055647,-170.99831933749704,-95.51662167663613
50,3.647836339179586,194.83842739999997,0.12,1.049055647,-170.40025132596153,-94.4762781853424
60,3.6446381041795863,193.81190719999998,0.12,1.049055647,-169.80218340042313,-93.4359346555193
70,3.6414058431795864,192.78739050000001,0.12,1.049055647,-169.20411546576798,-92.395591048743
80,3.6381390801795863,191.7649094,0.12,1.049055647,-168.60604739409476,-91.35524757412941
90,3.6348373291795864,190.7444968,0.12,1.049055647,-168.00797946174066,-90.31490406720555
100,3.631500098179586,189.72618590000002,0.12,1.049055647,-167.40991151895173,-89.27456043788798
110,3.6281268891795864,188.7100108,0.12,1.049055647,-166.8118435053673,-88.2342169596181
120,3.624717193179586,187.6960062,0.12,1.049055647,-166.21377561044943,-87.19387329824039
130,3.621270498179586,186.68420740000002,0.12,1.049055647,-165.61570754628528,-86.1535298551924
140,3.6177862791795863,185.67465049999998,0.12,1.049055647,-165.0176395803899,-85.11318620292441
150,3.6142640081795863,184.66737229999998,0.12,1.049055647,-164.41957155973117,-84.0728427038199
160,3.610703146179586,183.66241029999998,0.12,1.049055647,-163.82150358027974,-83.03249919099103
170,3.6071031471795862,182.6598027,0.12,1.049055647,-163.2234356229968,-81.99215563594086
180,3.6034634571795863,181.6595885,0.12,1.049055647,-162.62536770934642,-80.9518120327717
190,3.599783515179586,180.6618074,0.12,1.049055647,-162.02729971262445,-79.91146851904335
200,3.5960627501795863,179.6665,0.12,1.049055647,-161.4292317598533,-78.87112498039806
210,3.5923005841795863,178.6737076,0.12,1.049055647,-160.83116379014564,-77.83078145205565
220,3.5884964301795863,177.6834723,0.12,1.049055647,-160.23309578457327,-76.79043784141776
230,3.584649694179586,176.6958372,0.12,1.049055647,-159.63502777213643,-75.75009433656264
240,3.580759772179586,175.7108461,0.12,1.049055647,-159.03695977145208,-74.70975079486892
250,3.576826052179586,174.7285438,0.12,1.049055647,-158.43889188668535,-73.66940719313378
260,3.572847915179586,173.74897570000002,0.12,1.049055647,-157.84082385590932,-72.62906361290226
270,3.568824732179586,172.7721885,0.12,1.049055647,-157.24275588939844,-71.58872005690966
280,3.5647558671795863,171.79822959999998,0.12,1.049055647,-156.6446878878102,-70.54837666612066
290,3.560640672179586,170.8271473,0.12,1.049055647,-156.04661996009872,-69.50803301550421
300,3.556478495179586,169.858991,0.12,1.049055647,-155.44855202232503,-68.46768944327383
310,3.552268674179586,168.8938109,0.12,1.049055647,-154.8504839341469,-67.42734597836012
320,3.548010536179586,167.9316585,0.12,1.049055647,-154.25241599785775,-66.38700238287957
330,3.5437034031795864,166.97258609999997,0.12,1.049055647,-153.65434807871682,-65.3466588696502
340,3.5393465871795864,166.01664689999998,0.12,1.049055647,-153.05628001828097,-64.3063153577068
350,3.534939390179586,165.0638956,0.12,1.049055647,-152.45821216309722,-63.265971696321394
360,3.5304811101795863,164.11438750000002,0.12,1.049055647,-151.8601441382075,-62.22562821557534
370,3.5259710321795863,163.1681793,0.12,1.049055647,-151.2620761426814,-61.18528464494223
380,3.5214084351795862,162.2253288,0.12,1.049055647,-150.66400821318905,-60.1449410458121
390,3.5167925911795863,161.28589480000002,0.12,1.049055647,-150.065940187083,-59.10459759784771
400,3.512122761179586,160.3499374,0.12,1.049055647,-149.46787220517643,-58.06425408666644
410,3.5073981991795864,159.4175178,0.12,1.049055647,-148.86980426937816,-57.02391040879564
420,3.5026181541795864,158.4886985,0.12,1.049055647,-148.27173630926396,-55.98356691083552
430,3.4977818641795864,157.5635431,0.12,1.049055647,-147.67366832760484,-54.943223393737256
440,3.492888561179586,156.64211650000001,0.12,1.049055647,-147.07560028877506,-53.902879897979865
450,3.4879374681795863,155.724485,0.12,1.049055647,-146.4775323689195,-52.86253625799054
460,3.482927804179586,154.81071599999999,0.12,1.049055647,-145.87946439652197,-51.822192695953426
470,3.477858779179586,153.90087830000002,0.12,1.049055647,-145.2813963949117,-50.78184914963178
480,3.4727295971795864,152.99504209999998,0.12,1.049055647,-144.6833284144477,-49.74150566778049
490,3.4675394551795864,152.0932788,0.12,1.049055647,-144.08526038817377,-48.701162152526656
500,3.4675394551795864,152.0932788,0.12,1.049055647,-144.08526038817377,-48.701162152526656
510,3.4623395001795862,151.1887366,0.12,1.031602355,-143.47814435676577,-47.666090322610515
520,3.4571822281795863,150.2745839,0.12,1.014149062,-142.85305624070648,-46.64177193254659
530,3.452068878179586,149.3509252,0.12,0.996695769,-142.21018646555964,-45.62851875227542
540,3.4470007311795863,148.41786720000002,0.12,0.979242477,-141.5497309902525,-44.62663958650699
550,3.441979108179586,147.47551819999998,0.12,0.961789184,-140.87189080668244,-43.636439461861016
560,3.437005374179586,146.523989,0.12,0.944335892,-140.17687259009924,-42.65822011443054
570,3.432080939179586,145.5633921,0.12,0.926882599,-139.46488786599386,-41.69227952731894
580,3.4272072591795864,144.5938424,0.12,0.909429307,-138.73615360336285,-40.73891190667897
590,3.422385839179586,143.6154569,0.12,0.891976014,-137.9908917671379,-39.79840763027823
600,3.417618236179586,142.6283549,0.12,0.874522722,-137.22932935372046,-38.871053325173406
610,3.4129060571795864,141.632658,0.12,0.857069429,-136.45169842886685,-37.957131187993376
620,3.408250968179586,140.6284902,0.12,0.839616137,-135.65823583016552,-37.0569198312365
630,3.4036546911795864,139.6159778,0.12,0.822162844,-134.8491831459578,-36.17069341218137
640,3.399119009179586,138.59524979999998,0.12,0.804709552,-134.02478686406872,-35.29872197637399
650,3.394645766179586,137.56643780000002,0.12,0.787256259,-133.18529822291424,-34.44127097327667
660,3.3902368741795863,136.5296759,0.12,0.769802967,-132.33097281134278,-33.59860169951578
670,3.385894311179586,135.4851011,0.12,0.752349674,-131.46207096741574,-32.770970645303855
680,3.381620131179586,134.4328532,0.12,0.734896382,-130.5788572840296,-31.958630288073756
690,3.3774164571795864,133.3730748,0.12,0.717443089,-129.68160077240879,-31.16182765358895
700,3.3732854961795864,132.3059118,0.12,0.699989797,-128.77057479260026,-30.380805861805573
710,3.3692295311795863,131.2315131,0.12,0.682536504,-127.84605694076399,-29.615802457715066
720,3.3652509351795863,130.1500308,0.12,0.665083212,-126.90832873112427,-28.867050696492107
730,3.3613521681795864,129.0616204,0.12,0.647629919,-125.95767580081319,-28.134778604619168
740,3.3575357831795865,127.9664409,0.12,0.630176627,-124.99438773715478,-27.419209157577818
750,3.353804432179586,126.864655,0.12,0.612723334,-124.01875800806239,-26.720560443349342
760,3.3501608681795862,125.756429,0.12,0.595270042,-123.03108370705723,-26.03904523401568
770,3.3466079511795863,124.6419333,0.12,0.577816749,-122.03166576902113,-25.374871160255495
780,3.343148651179586,123.5213423,0.12,0.560363456,-121.02080867487979,-24.728240359392966
790,3.339786058179586,122.3948346,0.12,0.542910164,-119.99882026854151,-24.099350010314147
800,3.3365233821795863,121.2625932,0.12,0.525456871,-118.96601182183885,-23.48839161787763
810,3.3333639611795864,120.1248058,0.12,0.508003579,-117.92269798871244,-22.895551261121245
820,3.330311267179586,118.9816648,0.12,0.490550286,-116.86919651205642,-22.321009502392567
830,3.3273689121795864,117.8333679,0.12,0.473096994,-115.80582851274104,-21.764941376772924
840,3.324540656179586,116.6801175,0.12,0.455643701,-114.73291754903963,-21.22751635258065
850,3.321830409179586,115.52212209999999,0.12,0.438190409,-113.65079076159779,-20.708897936655763
860,3.319242246179586,114.3595956,0.12,0.420737116,-112.55977766811316,-20.209244347586964
870,3.316780407179586,113.19275780000001,0.12,0.403283824,-111.46021044640138,-19.728707651880825
880,3.314449308179586,112.0218352,0.12,0.385830531,-110.35242426878926,-19.267434172122876
890,3.312253551179586,110.84706059999999,0.12,0.368377239,-109.236756471274,-18.82556451466059
900,3.310197929179586,109.66867380000001,0.12,0.350923946,-108.11354688895561,-18.40323319801179
910,3.3082874381795864,108.486922,0.12,0.333470654,-106.98313774707223,-18.00056895837058
920,3.306527284179586,107.30205980000001,0.12,0.316017361,-105.84587323763078,-17.617694397570144
930,3.3049228941795863,106.1143501,0.12,0.298564069,-104.70209989204471,-17.25472617405619
940,3.303479925179586,104.92406410000001,0.12,0.281110776,-103.55216608472296,-16.911774786309742
950,3.3022042761795865,103.7314819,0.12,0.263657484,-102.39642205629865,-16.588944729499417
960,3.3011020981795864,102.53689299999999,0.12,0.246204191,-101.23521985214488,-16.28633438135596
970,3.300179805179586,101.34059690000001,0.12,0.228750899,-100.06891331830188,-16.004035970419345
980,3.2994440841795862,100.1429032,0.12,0.211297606,-98.8978575933835,-15.74213533048834
990,3.2989019101795862,98.94413266000001,0.12,0.193844314,-97.7224094407591,-15.500712271773729
1000,3.2989019101795862,98.94413266000001,0.12,0.193844314,-97.7224094407591,-15.500712271773729
1010,3.298346439179586,97.74539191999999,0.12,0.211297606,-96.54696126672756,-15.259289359449431
1020,3.2975605801795864,96.54783802,0.12,0.228750899,-95.3759055440199,-14.997388705849852
1030,3.296535933179586,95.35188734,0.12,0.246204191,-94.20959897050692,-14.715090251721678
1040,3.295263775179586,94.1579722,0.12,0.263657484,-93.04839683349783,-14.412479853650645
1050,3.2937350591795864,92.96654170000001,0.12,0.281110776,-91.89265281614202,-14.089649891669632
1060,3.291940399179586,91.77806256999999,0.12,0.298564069,-90.74271899116708,-13.746698483378433
1070,3.289870073179586,90.59302011,0.12,0.316017361,-89.59894562054218,-13.383730284864134
1080,3.2875140101795863,89.41191911,0.12,0.333470654,-88.46168113982328,-13.000855696815371
1090,3.2848617941795863,88.23528482,0.12,0.350923946,-87.33127193983839,-12.59819148276919
1100,3.2819026561795863,87.063664,0.12,0.368377239,-86.2080623759286,-12.17586015412869
1110,3.2786254811795863,85.89762596999999,0.12,0.385830531,-85.09239457514636,-11.733990487026103
1120,3.2750188061795864,84.73776369000001,0.12,0.403283824,-83.98460838762549,-11.272717026496741
1130,3.2710708291795862,83.58469488,0.12,0.420737116,-82.88504124847262,-10.792180290455224
1140,3.266769418179586,82.43906317999999,0.12,0.438190409,-81.79402809937845,-10.292526671042364
1150,3.2621021241795862,81.3015393,0.12,0.455643701,-80.71190128142702,-9.773908332219312
1160,3.257056200179586,80.17282218,0.12,0.473096994,-79.63899041345057,-9.23648321777442
1170,3.251618626179586,79.05364019999999,0.12,0.490550286,-78.57562231610635,-8.680415111483095
1180,3.245776136179586,77.94475231,0.12,0.508003579,-77.52212090558264,-8.105873362413005
1190,3.2395152571795864,76.84694917,0.12,0.525456871,-76.47880707464739,-7.513033021052689
1200,3.2328223511795864,75.76105426999999,0.12,0.542910164,-75.44599863677246,-6.902074601307331
1210,3.225683671179586,74.68792496,0.12,0.560363456,-74.42401019987803,-6.273184247177961
1220,3.2180854221795863,73.62845338999999,0.12,0.577816749,-73.4131530715154,-5.626553536726574
1230,3.2100138341795863,72.58356735,0.12,0.595270042,-72.41373516137412,-4.962379392020971
1240,3.201455249179586,71.554231,0.12,0.612723334,-71.42606090272201,-4.28086415598611
1250,3.1923962171795863,70.54144538,0.12,0.630176627,-70.45043114979225,-3.582215391054124
1260,3.1828236101795864,69.54624874,0.12,0.647629919,-69.48714308833249,-2.8666459892280756
1270,3.172724745179586,68.5697166,0.12,0.665083212,-68.53649015473486,-2.13437388342506
1280,3.1620875281795864,67.61296149,0.12,0.682536504,-67.59876191677687,-1.3856221588663655
1290,3.1509006091795864,66.67713239,0.12,0.699989797,-66.67424402291337,-0.6206188255174894
1300,3.139153558,65.76341371,0.12,0.717443089,-65.76321809066428,0.16040309330503488
1310,3.126837054,64.87302382,0.12,0.734896382,-64.86596162037905,0.9572056277516556
1320,3.113943089,64.00721306999999,0.12,0.752349674,-63.98274792199568,1.7695460826820797
1330,3.100465189,63.167261229999994,0.12,0.769802967,-63.11384604845012,2.597176981185194
1340,3.086398644,62.35447421,0.12,0.787256259,-62.259520648174686,3.439846314163653
1350,3.071740756,61.57018023,0.12,0.804709552,-61.42003198790111,4.297297308761289
1360,3.056491084,60.81572505,0.12,0.822162844,-60.59563575923992,5.169268835214657
1370,3.040651702,60.09246659,0.12,0.839616137,-59.786583099095445,6.055495207265952
1380,3.024227445,59.401768600000004,0.12,0.857069429,-58.99312043456288,6.9557065925113655
1390,3.00722616,58.74499358,0.12,0.874522722,-58.215489481709724,7.869628651924167
1400,2.989658928,58.123494830000006,0.12,0.891976014,-57.45392711442549,8.796983027340737
1410,2.971540272,57.538607709999994,0.12,0.909429307,-56.70866528089442,9.73748731782229
1420,2.952888337,56.99164024,0.12,0.926882599,-55.979931030872706,10.690854924856223
1430,2.933725019,56.48386294,0.12,0.944335892,-55.26794631827685,11.656795545293477
1440,2.914076061,56.01649825,0.12,0.961789184,-54.5729280531807,12.635014835551853
1450,2.893971078,55.59070949,0.12,0.979242477,-53.895087909270494,13.625214892014807
1460,2.87344353,55.207589760000005,0.12,0.996695769,-53.234632381262685,14.62709411811777
1470,2.852530622,54.86815069,0.12,1.014149062,-52.59176264361006,15.640347252498225
1480,2.831273125,54.57331165,0.12,1.031602355,-51.96667451994189,16.664665726813976
1490,2.809715131,54.323889300000005,0.12,1.049055647,-51.35955842906577,17.69973747404277
1500,2.809715131,54.323889300000005,0.12,1.049055647,-51.35955842906577,17.69973747404277
1510,2.787934985,54.11025365,0.12,1.049055647,-50.76149046821589,18.7400809900215
1520,2.765992678,53.922482790000004,0.12,1.049055647,-50.16342248604787,19.78042453346524
1530,2.743907739,53.76084776,0.12,1.049055647,-49.56535451531344,20.820768084900106
1540,2.721700506,53.62558487,0.12,1.049055647,-48.96728652095205,21.861111669459085
1550,2.699392027,53.516894099999995,0.12,1.049055647,-48.36921855690743,22.901455200592316
1560,2.677003941,53.434937590000004,0.12,1.049055647,-47.77115057534225,23.941798761897022
1570,2.654558363,53.37983848,0.12,1.049055647,-47.17308259780605,24.982142309486925
1580,2.632077752,53.35167998,0.12,1.049055647,-46.57501462226438,26.022485846363548
1590,2.609584778,53.35050476000001,0.12,1.049055647,-45.9769466438955,27.06282940586903
1600,2.587102187,53.37631459,0.12,1.049055647,-45.378878665686464,28.103172957080005
1610,2.564652662,53.42907037,0.12,1.049055647,-44.78081070635518,29.14351648452871
1620,2.542258685,53.50869238999999,0.12,1.049055647,-44.18274273376715,30.18386002169685
1630,2.519942405,53.61506096,0.12,1.049055647,-43.58467474095154,31.224203584238573
1640,2.49772551,53.7480173,0.12,1.049055647,-42.986606773023134,32.26454713493715
1650,2.475629102,53.90736466,0.12,1.049055647,-42.388538795022576,33.30489068303756
1660,2.453673586,54.09286982,0.12,1.049055647,-41.79047083004295,34.34523421330529
1670,2.431878564,54.30426472,0.12,1.049055647,-41.192402855892205,35.385577764644744
1680,2.410262745,54.54124831,0.12,1.049055647,-40.594334879912594,36.42592130434849
1690,2.388843862,54.80348865,0.12,1.049055647,-39.996266899516606,37.46626485671224
1700,2.367638605,55.09062506,0.12,1.049055647,-39.39819890728856,38.50660842457079
1710,2.346662567,55.40227045,0.12,1.049055647,-38.800130957317954,39.54695195220385
1720,2.325930197,55.7380137,0.12,1.049055647,-38.20206297395453,40.58729549693352
1730,2.305454776,56.09742216,0.12,1.049055647,-37.60399500534692,41.627639047093496
1740,2.285248396,56.480044029999995,0.12,1.049055647,-37.00592701654622,42.66798260144007
1750,2.265321957,56.88541091,0.12,1.049055647,-36.40785905595496,43.70832613314385
1760,2.245685169,57.31304019,0.12,1.049055647,-35.80979108603568,44.74866968072944
1770,2.22634657,57.762437420000005,0.12,1.049055647,-35.21172309424588,45.789013239352165
1780,2.20731355,58.23309865,0.12,1.049055647,-34.61365510972726,46.829356800253876
1790,2.188592382,58.724512589999996,0.12,1.049055647,-34.015587121852455,47.86970035093945
1800,2.170188262,59.23616277,0.12,1.049055647,-33.41751916485796,48.91004388242036
1810,2.152105351,59.76752949,0.12,1.049055647,-32.81945116977369,49.95038744847591
1820,2.134346829,60.31809166,0.12,1.049055647,-32.22138318939186,50.99073098972536
1830,2.116914944,60.887328589999996,0.12,1.049055647,-31.62331525176002,52.03107451623917
1840,2.099811066,61.47472151,0.12,1.049055647,-31.025247244178136,53.07141809081112
1850,2.083035751,62.079755039999995,0.12,1.049055647,-30.427179286513354,54.111761628067306
1860,2.066588791,62.70191852,0.12,1.049055647,-29.829111323347508,55.15210516152634
1870,2.050469276,63.34070719,0.12,1.049055647,-29.23104332302665,56.19244872379791
1880,2.034675653,63.995623200000004,0.12,1.049055647,-28.632975338727974,57.23279227862445
1890,2.01920578,64.66617655,0.12,1.049055647,-28.034907373571976,58.27313581875451
1900,2.004056982,65.3518859,0.12,1.049055647,-27.436839430231405,59.31347935137777
1910,1.989226103,66.05227923,0.12,1.049055647,-26.83877142140448,60.35382291178821
1920,1.974709562,66.76689444,0.12,1.049055647,-26.240703471366864,61.39416645325432
1930,1.960503395,67.49527979,0.12,1.049055647,-25.64263549902394,62.43450999723294
1940,1.946603306,68.23699433,0.12,1.049055647,-25.04456752648201,63.47485354535239
1950,1.933004708,68.99160815,0.12,1.049055647,-24.446499508493986,64.5151971004069
1960,1.919702767,69.75870266,0.12,1.049055647,-23.84843156360786,65.55554064121661
1970,1.906692434,70.53787066,0.12,1.049055647,-23.250363560345185,66.59588419383483
1980,1.893968487,71.32871650999999,0.12,1.049055647,-22.65229558636694,67.63622774543097
1990,1.881525559,72.13085609,0.12,1.049055647,-22.054227631388173,68.67657128787957
2000,1.881525559,72.13085609,0.12,1.049055647,-22.054227631388173,68.67657128787957
2010,1.869260863,72.93621711,0.12,1.031602355,-21.447111573952295,69.71164301213607
2020,1.857073228,73.73691684,0.12,1.014149062,-20.822023389934756,70.73596148366181
2030,1.844959736,74.53286552,0.12,0.996695769,-20.17915367055518,71.74921462819314
2040,1.832917604,75.32397514,0.12,0.979242477,-19.518698136226323,72.75109383341403
2050,1.820944182,76.11015936000001,0.12,0.961789184,-18.840858005194054,73.74129390940135
2060,1.809036943,76.89133343,0.12,0.944335892,-18.145839757484424,74.7195132220435
2070,1.797193475,77.66741415,0.12,0.926882599,-17.433855004386515,75.68545382326545
2080,1.785411479,78.4383198,0.12,0.909429307,-16.70512076593342,76.63882144998482
2090,1.773688757,79.20397007,0.12,0.891976014,-15.95985896345375,77.57932570418565
2100,1.762023209,79.96428603,0.12,0.874522722,-15.198296560396146,78.50668011035687
2110,1.750412829,80.71919008,0.12,0.857069429,-14.420665602668988,79.4206021807136
2120,1.738855698,81.46860588,0.12,0.839616137,-13.627202992593807,80.32081350826455
2130,1.727349978,82.21245836,0.12,0.822162844,-12.818150319684921,81.20703991635636
2140,1.715893911,82.95067361,0.12,0.804709552,-11.993754048212743,82.07901142304122
2150,1.704485814,83.68317894,0.12,0.787256259,-11.154265393957104,82.93646243375245
2160,1.693124073,84.40990274,0.12,0.769802967,-10.299940058510996,83.77913174154612
2170,1.681807139,85.13077453,0.12,0.752349674,-9.43103812868822,84.60676268415502
2180,1.67053353,85.84572490000001,0.12,0.734896382,-8.547824450187239,85.4191031372682
2190,1.659301821,86.55468549,0.12,0.717443089,-7.650567979418407,86.21590566632769
2200,1.648110645,87.25758895999999,0.12,0.699989797,-6.7395420403159125,86.99692755608744
2210,1.636958689,87.95436896000001,0.12,0.682536504,-5.815024144829723,87.76193088889318
2220,1.625844691,88.64496015,0.12,0.665083212,-4.877295883641806,88.51068265954399
2230,1.614767439,89.32929811,0.12,0.647629919,-3.9266429712435,89.2429547684389
2240,1.603725766,90.00731938,0.12,0.630176627,-2.9633549324633788,89.9585241626249
2250,1.592718549,90.67896144,0.12,0.612723334,-1.9877251216644063,90.65717289149111
2260,1.58174471,91.34416264,0.12,0.595270042,-1.0000509169862584,91.33868811498337
2270,1.570803207,92.00286225,0.12,0.577816749,-0.0006329985623711739,92.00286224782242
2280,1.559893039,92.65500042,0.12,0.560363456,1.0102241187470333,92.64949298328675
2290,1.54901324,93.30051814,0.12,0.542910164,2.0322125606395014,93.27838333344359
2300,1.538162879,93.93935729,0.12,0.525456871,3.065021032850659,93.88934174935119
2310,1.527341059,94.57146057,0.12,0.508003579,4.108334857167401,94.48218212469718
2320,1.516546914,95.19677151,0.12,0.490550286,5.161836205180624,95.0567238701084
2330,1.505779606,95.81523447,0.12,0.473096994,6.225204346529186,95.6127919652231
2340,1.495038329,96.42679463,0.12,0.455643701,7.298115236994655,96.15021703877608
2350,1.484322303,97.03139797,0.12,0.438190409,8.38024206278451,96.66883538649702
2360,1.473630774,97.62899127,0.12,0.420737116,9.471255225332749,97.16848903247566
2370,1.462963014,98.21952209,0.12,0.403283824,10.570822327411532,97.64902577553089
2380,1.452318317,98.80293877999999,0.12,0.385830531,11.678608557676027,98.11029922348114
2390,1.441696003,99.37919049,0.12,0.368377239,12.794276301998105,98.55216890741592
2400,1.43109541,99.9482271,0.12,0.350923946,13.917485924872203,98.974500180421
2410,1.420515901,100.50999929999999,0.12,0.333470654,15.047895101955294,99.3771644407635
2420,1.409956856,101.06445849999999,0.12,0.316017361,16.18515961298892,99.76003899458085
2430,1.399417677,101.6115569,0.12,0.298564069,17.32893287671573,100.12300725106202
2440,1.38889778,102.15124739999999,0.12,0.281110776,18.47886675930762,100.46595855645712
2450,1.378396604,102.6834838,0.12,0.263657484,19.634610738719743,100.78878859498121
2460,1.367913601,103.2082205,0.12,0.246204191,20.79581288677487,101.09139896724581
2470,1.35744824,103.7254126,0.12,0.228750899,21.96211951971654,101.37369740342868
2480,1.347000008,104.2350161,0.12,0.211297606,23.133175177464516,101.63559803324816
2490,1.336568403,104.7369877,0.12,0.193844314,24.308623338843365,101.87702107855428
2500,1.336568403,104.7369877,0.12,0.193844314,24.308623338843365,101.87702107855428
2510,1.326194661,105.2407917,0.12,0.193844314,25.48614849480094,102.10818024303315
2520,1.31592086,105.7558125,0.12,0.193844314,26.66367370037345,102.33933936827601
2530,1.305747702,106.281887,0.12,0.193844314,27.841198744082597,102.5704984718962
2540,1.295675788,106.8188521,0.12,0.193844314,29.01872389564172,102.80165770759821
2550,1.285705627,107.3665441,0.12,0.193844314,30.19624907308067,103.03281678132322
2560,1.275837638,107.9247999,0.12,0.193844314,31.373774215033375,103.2639759304238
2570,1.26607215,108.4934564,0.12,0.193844314,32.55129939049535,103.4951351011681
2580,1.256409409,109.0723508,0.12,0.193844314,33.72882443097742,103.72629421483522
2590,1.246849576,109.6613212,0.12,0.193844314,34.906349604292444,103.95745343472244
2600,1.237392736,110.2602059,0.12,0.193844314,36.08387475462526,104.18861256299995
2610,1.228038898,110.86884429999999,0.12,0.193844314,37.26139987173601,104.41977167192157
2620,1.218787998,111.4870767,0.12,0.193844314,38.4389250159334,104.65093078769597
2630,1.209639904,112.11474439999999,0.12,0.193844314,39.616450124706425,104.88208994577663
2640,1.200594417,112.7516898,0.12,0.193844314,40.793975237765075,105.11324910331729
2650,1.191651275,113.3977566,0.12,0.193844314,41.97150044590956,105.34440826276379
2660,1.182810159,114.05278969999999,0.12,0.193844314,43.14902551823411,105.57556741585245
2670,1.17407069,114.71663559999999,0.12,0.193844314,44.32655065961206,105.80672658202799
2680,1.165432437,115.3891421,0.12,0.193844314,45.504075846832365,106.03788566309552
2690,1.15689492,116.0701588,0.12,0.193844314,46.6816009894948,106.26904484804037
2700,1.148457609,116.7595367,0.12,0.193844314,47.859126164130124,106.50020400545964
2710,1.140119931,117.45712850000001,0.12,0.193844314,49.036651265911956,106.73136309487877
2720,1.13188127,118.1627889,0.12,0.193844314,50.21417640940781,106.96252225967203
2730,1.123740971,118.8763741,0.12,0.193844314,51.39170156379808,107.19368138813344
2740,1.115698343,119.5977423,0.12,0.193844314,52.56922670299448,107.42484054959719
2750,1.107752661,120.32675350000001,0.12,0.193844314,53.74675176389243,107.65599975236071
2760,1.099903166,121.0632696,0.12,0.193844314,54.92427694029223,107.88715886901632
2770,1.092149073,121.80715450000001,0.12,0.193844314,56.10180211125449,108.11831800049663
2780,1.084489569,122.55827400000001,0.12,0.193844314,57.279327247466234,108.34947713734825
2790,1.076923816,123.31649589999999,0.12,0.193844314,58.456852363088586,108.58063627026128
2800,1.069450954,124.0816901,0.12,0.193844314,59.634377462333966,108.81179551295124
2810,1.062070101,124.85372819999999,0.12,0.193844314,60.81190256413248,109.04295461867278
2820,1.054780358,125.63248420000001,0.12,0.193844314,61.98942770256712,109.27411376612238
2830,1.047580809,126.41783389999999,0.12,0.193844314,63.16695283985547,109.50527291822738
2840,1.040470523,127.2096552,0.12,0.193844314,64.344477987177,109.73643209372439
2850,1.033448555,128.0078279,0.12,0.193844314,65.52200318283,109.96759114659751
2860,1.026513951,128.8122341,0.12,0.193844314,66.69952832653054,110.19875033253125
2870,1.019665744,129.6227576,0.12,0.193844314,67.87705348615904,110.42990943519541
2880,1.012902961,130.43928449999999,0.12,0.193844314,69.0545786019767,110.661068650973
2890,1.00622462,131.26170259999998,0.12,0.193844314,70.23210366390204,110.89222779074176
2900,0.999629733,132.089902,0.12,0.193844314,71.40962884970287,111.123386908055
2910,0.99311731,132.9237746,0.12,0.193844314,72.58715396237012,111.35454608391515
2920,0.986686355,133.7632143,0.12,0.193844314,73.7646791194774,111.58570524161352
2930,0.980335871,134.6081169,0.12,0.193844314,74.9422042767919,111.81686435193781
2940,0.97406486,135.4583803,0.12,0.193844314,76.11972946620787,112.04802354120643
2950,0.967872324,136.313904,0.12,0.193844314,77.29725452637854,112.27918269387906
2960,0.961757264,137.1745897,0.12,0.193844314,78.47477966680871,112.51034181624894
2970,0.955718685,138.04034090000002,0.12,0.193844314,79.65230479400967,112.74150104016888
2980,0.949755592,138.9110627,0.12,0.193844314,80.82982994787896,112.97266010429381
2990,0.943866996,139.7866624,0.12,0.193844314,82.00735507147641,113.20381927793942
3000,0.943866996,139.7866624,0.12,0.193844314,82.00735507147641,113.20381927793942
3010,0.937785527,140.6304883,0.12,0.106577851,83.19346607583229,113.38333846639804
3020,0.931274726,141.402584,0.12,0.019311388,84.39070962193063,113.45879821055763
3030,0.924380296,142.0982875,0.12,-0.067955074,85.58997415775073,113.42962414690537
3040,0.917148258,142.71345689999998,0.12,-0.155221537,86.78213232184122,113.29603828035027
3050,0.909624824,143.24447560000002,0.12,-0.242487999,87.95811127152457,113.05905736147413
3060,0.901856312,143.688255,0.12,-0.329754462,89.10896089282825,112.72048488870792
3070,0.893889082,144.0422377,0.12,-0.417020925,90.22592277849253,112.28289763090727
3080,0.885769503,144.30439859999998,0.12,-0.504287387,91.30049601921282,111.74962586941123
3090,0.877543931,144.47324650000002,0.12,-0.59155385,92.32450250219463,111.12472808503077
3100,0.869258707,144.5478249,0.12,-0.678820312,93.29014882063167,110.41296036401458
3110,0.860960155,144.527712,0.12,-0.766086775,94.19008598904256,109.61973926867238
3120,0.852694601,144.4130217,0.12,-0.853353238,95.01746484918463,108.75110211008729
3130,0.844508375,144.2044026,0.12,-0.9406197,95.7659885392427,107.81365947005291
3140,0.836447824,143.9030385,0.12,-1.027886163,96.42996036689898,106.81454598120416
3150,0.82855931,143.51064739999998,0.12,-1.115152625,97.00432720174734,105.76136544742349
3160,0.820889203,143.0294805,0.12,-1.202419088,97.48471753351106,104.66213326466952
3170,0.81348385,142.4623211,0.12,-1.289685551,97.86747548031396,103.52521517152066
3180,0.806389533,141.8124823,0.12,-1.376952013,98.14968797311232,102.35926380581537
3190,0.799652396,141.0838043,0.12,-1.464218476,98.32920716842752,101.17315282914316
3200,0.793318342,140.28065049999998,0.12,-1.551484938,98.404666866812,99.97590931586919
3210,0.787432894,139.407902,0.12,-1.638751401,98.37549277537344,98.7766448166977
3220,0.782041017,138.4709511,0.12,-1.726017864,98.24190692621337,97.58448658490663
3230,0.777186887,137.475692,0.12,-1.813284326,98.00492604496156,96.40850772520277
3240,0.772913608,136.4285088,0.12,-1.900550789,97.66635357512445,95.25765792171491
3250,0.769262871,135.33626139999998,0.12,-1.987817251,97.22876629024961,94.14069606395071
3260,0.766274543,134.20626620000002,0.12,-2.075083714,96.69549448971263,93.06612290589537
3270,0.763986189,133.04627299999999,0.12,-2.162350177,96.070596730331,92.04211646343558
3280,0.762432523,131.8644367,0.12,-2.249616639,95.35882899349733,91.07647006333328
3290,0.761644787,130.6692822,0.12,-2.336883102,94.5656080293455,90.17653291573936
3300,0.761650054,129.4696631,0.12,-2.424149564,93.69697080459702,89.34915402660506
3310,0.762470476,128.27471210000002,0.12,-2.511416027,92.75952815648904,88.60063036188517
3320,0.764122474,127.0937828,0.12,-2.59868249,91.76041467630415,87.93665859495846
3330,0.766615899,125.9363822,0.12,-2.685948952,90.70723412399776,87.36229186095525
3340,0.76995318,124.812094,0.12,-2.773215415,89.60800188792562,86.88190148885067
3350,0.774128493,123.7304914,0.12,-2.860481877,88.47108380775049,86.4991435331441
3360,0.779126988,122.7010405,0.12,-2.94774834,87.30513249519,86.21693093459058
3370,0.784924119,121.7329951,0.12,-3.035014803,86.11902155709706,86.03741175828615
3380,0.791485116,120.8352828,0.12,-3.122281265,84.92177799133685,85.96195200288365
3390,0.798764664,120.0163865,0.12,3.073637579,83.72251349542064,85.99112606848738
3400,0.806706818,119.28422169999999,0.12,2.986371117,82.53035529878355,86.12471190565051
3410,0.815245211,118.6460136,0.12,2.899104654,81.35437634687997,86.36169285268558
3420,0.824303574,118.108178,0.12,2.811838192,80.20352664292969,86.70026542356459
3430,0.833796591,117.6762087,0.12,2.724571729,79.08656477658766,87.13785265798417
3440,0.843631086,117.3545776,0.12,2.637305266,78.01199158257526,87.67112439677403
3450,0.853707514,117.14664900000001,0.12,2.550038804,76.98798507335387,88.29602214298357
3460,0.86392171,117.054614,0.12,2.462772341,76.02233875375504,89.007789934917
3470,0.874166845,117.0794465,0.12,2.375505879,75.12240158764855,89.80101097677255
3480,0.884335483,117.2208834,0.12,2.288239416,74.29502273428935,90.66964818497878
3490,0.894321679,117.4774302,0.12,2.200972953,73.54649902014172,91.60709081875794
3500,0.894321679,117.4774302,0.12,2.200972953,73.54649902014172,91.60709081875794
3510,0.904155576,117.7964268,0.12,2.200972953,72.83935406382925,92.57659891361251
3520,0.913935416,118.1267528,0.12,2.200972953,72.13220910897182,93.54610700682244
3530,0.923659789,118.46831350000001,0.12,2.200972953,71.42506414031674,94.51561519709811
3540,0.933327341,118.8210119,0.12,2.200972953,70.71791920986543,95.48512329974176
3550,0.942936778,119.1847491,0.12,2.200972953,70.01077426292555,96.45463133067086
3560,0.952486865,119.55942449999999,0.12,2.200972953,69.30362928872844,97.4241394839169
3570,0.961976424,119.94493550000001,0.12,2.200972953,68.5964842748992,98.39364764669857
3580,0.971404335,120.341178,0.12,2.200972953,67.88933933537444,99.36315578238276
3590,0.980769538,120.7480463,0.12,2.200972953,67.18219436944875,100.33266389851588
3600,0.99007103,121.1654334,0.12,2.200972953,66.47504943397387,101.30217200909647
3610,0.999307866,121.593231,0.12,2.200972953,65.76790454170226,102.2716801329327
3620,1.008479159,122.03132950000001,0.12,2.200972953,65.06075955092246,103.24118822541044
3630,1.017584078,122.4796185,0.12,2.200972953,64.35361451997794,104.21069640933999
3640,1.026621846,122.9379865,0.12,2.200972953,63.64646962977177,105.18020454601104
3650,1.035591745,123.4063211,0.12,2.200972953,62.93932463741347,106.14971267800296
3660,1.044493109,123.8845093,0.12,2.200972953,62.2321796208266,107.1192207969371
3670,1.053325325,124.3724375,0.12,2.200972953,61.52503473080574,108.08872888078828
3680,1.062087836,124.8699915,0.12,2.200972953,60.81788971287012,109.0582370483002
3690,1.070780132,125.3770567,0.12,2.200972953,60.11074482165549,110.02774515430566
3700,1.079401758,125.8935181,0.12,2.200972953,59.40359979105507,110.99725326087663
3710,1.087952305,126.4192607,0.12,2.200972953,58.69645484094647,111.96676142962828
3720,1.096431414,126.954169,0.12,2.200972953,57.98930983299693,112.93626951326685
3730,1.104838772,127.4981278,0.12,2.200972953,57.28216491533436,113.90577761956402
3740,1.113174113,128.0510217,0.12,2.200972953,56.57502000015336,114.87528572498142
3750,1.121437216,128.61273549999999,0.12,2.200972953,55.86787499101639,115.844793913154
3760,1.129627901,129.1831541,0.12,2.200972953,55.16073001881199,116.81430206535534
3770,1.137746031,129.7621627,0.12,2.200972953,54.453585119577845,117.78381016169482
3780,1.145791511,130.34964680000002,0.12,2.200972953,53.746440160802436,118.75331823122265
3790,1.153764284,130.9454924,0.12,2.200972953,53.039295209098555,119.72282632648026
3800,1.161664332,131.5495859,0.12,2.200972953,52.33215018520392,120.69233450163578
3810,1.169491671,132.1618141,0.12,2.200972953,51.62500528235947,121.66184256289773
3820,1.177246356,132.7820646,0.12,2.200972953,50.917860336808346,122.63135071489613
3830,1.184928474,133.4102254,0.12,2.200972953,50.21071533041172,123.60085884526517
3840,1.192538144,134.04618539999998,0.12,2.200972953,49.50357040789365,124.5703670106253
3850,1.200075518,134.689834,0.12,2.200972953,48.796425417936575,125.53987513686361
3860,1.207540777,135.3410616,0.12,2.200972953,48.08928041453514,126.5093833050624
3870,1.21493413,135.9997592,0.12,2.200972953,47.382135461777,127.4788913567254
3880,1.222255815,136.665819,0.12,2.200972953,46.67499054301165,128.4483995258428
3890,1.229506096,137.33913370000002,0.12,2.200972953,45.967845519528275,129.41790766257685
3900,1.23668526,138.0195972,0.12,2.200972953,45.260700592179376,130.38741577757932
3910,1.24379362,138.7071042,0.12,2.200972953,44.55355560833916,131.3569238304715
3920,1.25083151,139.4015507,0.12,2.200972953,43.8464107073935,132.3264319992164
3930,1.257799287,140.1028333,0.12,2.200972953,43.139265671017775,133.29594013342242
3940,1.264697325,140.81085000000002,0.12,2.200972953,42.43212081422025,134.26544827665055
3950,1.271526021,141.52549960000002,0.12,2.200972953,41.72497584270524,135.2349563831603
3960,1.278285788,142.2466822,0.12,2.200972953,41.01783078550401,136.2044645177226
3970,1.284977054,142.9742989,0.12,2.200972953,40.31068589919589,137.17397256142624
3980,1.291600267,143.7082521,0.12,2.200972953,39.60354092511995,138.14348072865945
3990,1.298155887,144.44844510000001,0.12,2.200972953,38.89639592524939,139.11298888254095
4000,1.298155887,144.44844510000001,0.12,2.200972953,38.89639592524939,139.11298888254095
4010,1.3045761,145.206965,0.12,2.174793015,38.202021906975276,140.09164217300832
4020,1.310789574,145.9952954,0.12,2.148613076,37.53350385519665,141.08813687651133
4030,1.31679193,146.81242,0.12,2.122433137,36.89130018539669,142.1017897033227
4040,1.32257936,147.6573057,0.12,2.096253198,36.275850901037586,143.13190618443164
4050,1.328148607,148.5289046,0.12,2.070073259,35.68757773268302,144.1777801786725
4060,1.333496947,149.4261574,0.12,2.043893321,35.12688408960272,145.23869501439756
4070,1.338622174,150.3479954,0.12,2.017713382,34.59415399723661,146.31392356851723
4080,1.343522574,151.2933433,0.12,1.991533443,34.0897526376207,147.4027289163857
4090,1.348196905,152.2611215,0.12,1.965353504,33.61402576764154,148.50436489251786
4100,1.352644374,153.250248,0.12,1.939173566,33.16729938545604,149.61807632614793
4110,1.356864613,154.2596411,0.12,1.912993627,32.74987966313073,150.7431001882052
4120,1.360857653,155.2882204,0.12,1.886813688,32.36205279055303,151.8786651711834
4130,1.364623904,156.3349095,0.12,1.860633749,32.00408429366974,153.02399327196005
4140,1.368164124,157.39863680000002,0.12,1.83445381,31.676219656955254,154.17829929903442
4150,1.3714794,158.47833780000002,0.12,1.808273872,31.37868351204053,155.34079236601733
4160,1.37457112,159.5729558,0.12,1.782093933,31.111679965743907,156.5106756501226
4170,1.377440954,160.68144339999998,0.12,1.755913994,30.875391820743097,157.68714732984103
4180,1.380090827,161.80276379999998,0.12,1.729734055,30.669981128744784,158.86940117870725
4190,1.382522899,162.9358916,0.12,1.703554117,30.49558870794928,160.05662698196082
4200,1.384739544,164.0798135,0.12,1.677374178,30.352333955761313,161.2480109075232
4210,1.386743329,165.23352970000002,0.12,1.651194239,30.240314964062694,162.44273664277844
4220,1.388536992,166.396054,0.12,1.6250143,30.159608741672603,163.63998529491545
4230,1.390123428,167.5664146,0.12,1.598834361,30.11027045639549,164.83893628309366
4240,1.391505668,168.7436548,0.12,1.572654423,30.09233397796893,166.0387679760963
4250,1.392686864,169.92683309999998,0.12,1.546474484,30.10581152784944,167.23865797011425
4260,1.393670272,171.115024,0.12,1.520294545,30.150693973722586,168.4377840373813
4270,1.394459239,172.3073179,0.12,1.494114606,30.226950487423526,169.63532434644176
4280,1.395057188,173.5028214,0.12,1.467934668,30.334528794856524,170.830458047019
4290,1.395467606,174.7006578,0.12,1.441754729,30.47335514029783,172.02236616860606
4300,1.395694031,175.8999669,0.12,1.41557479,30.64333447838415,173.21023182094922
4310,1.395740042,177.0999052,0.12,1.389394851,30.844350399021554,174.3932408962898
4320,1.395609251,178.2996458,0.12,1.363214912,31.076264813729114,175.57058255195383
4330,1.395305288,179.4983788,0.12,1.337034974,31.33891911726158,176.7414499781815
4340,1.394831799,180.69531080000002,0.12,1.310855035,31.632133079177926,177.90504068735595
4350,1.394192434,181.8896651,0.12,1.284675096,31.955705755044093,179.060557186353
4360,1.393390841,183.08068169999999,0.12,1.258495157,32.30941545715274,180.20720763763532
4370,1.39243066,184.26761679999998,0.12,1.232315219,32.69301976862769,181.34420602699097
4380,1.391315517,185.4497433,0.12,1.20613528,33.10625586299873,182.47077331115128
4390,1.390049019,186.6263499,0.12,1.179955341,33.54884051921225,183.58613721306327
4400,1.388634751,187.79674160000002,0.12,1.153775402,34.02047013236645,184.68953345425382
4410,1.387076267,188.9602391,0.12,1.127595463,34.520821744234716,185.78020569165042
4420,1.385377091,190.1161789,0.12,1.101415525,35.049552467420455,186.85740646645596
4430,1.383540714,191.2639131,0.12,1.075235586,35.606299676464765,187.92039771582577
4440,1.381570586,192.40280869999998,0.12,1.049055647,36.1906821414709,188.96845059899232
4450,1.379470121,193.53224830000002,0.12,1.022875708,36.80229907124596,190.0008471431731
4460,1.377242689,194.65162890000002,0.12,0.996695769,37.44073132027664,191.01687954635364
4470,1.374891616,195.76036259999998,0.12,0.970515831,38.105541528758,192.01585161148432
4480,1.372420184,196.8578757,0.12,0.944335892,38.79627401931908,192.99707859792738
4490,1.369831629,197.9436089,0.12,0.918155953,39.51245534858134,193.9598880611208
4500,1.369831629,197.9436089,0.12,0.918155953,39.51245534858134,193.9598880611208
4510,1.36719994,199.02395850000002,0.12,0.918155953,40.2411988783211,194.91326781377697
4520,1.364596686,200.1056716,0.12,0.918155953,40.96994229358766,195.866647581836
4530,1.362021442,201.1887262,0.12,0.918155953,41.698685858943,196.82002730315773
4540,1.359473793,202.27310070000001,0.12,0.918155953,42.42742935649418,197.77340697119024
4550,1.356953331,203.3587741,0.12,0.918155953,43.15617268571526,198.72678672633833
4560,1.354459652,204.4457257,0.12,0.918155953,43.88491637580339,199.68016644546444
4570,1.351992365,205.5339352,0.12,0.918155953,44.61365978978227,200.6335462452861
4580,1.349551081,206.6233826,0.12,0.918155953,45.34240326623082,201.58692592305806
4590,1.34713542,207.7140486,0.12,0.918155953,46.07114678748941,202.5403056665235
4600,1.344745009,208.805914,0.12,0.918155953,46.79989022056621,203.49368539765146
4610,1.34237948,209.8989601,0.12,0.918155953,47.52863378730995,204.4470650837844
4620,1.340038473,210.99316860000002,0.12,0.918155953,48.25737741005772,205.40044479350885
4630,1.337721635,212.0885215,0.12,0.918155953,48.98612086395883,206.35382457022112
4640,1.335428617,213.1850011,0.12,0.918155953,49.714864371433265,207.3072042996504
4650,1.333159078,214.2825901,0.12,0.918155953,50.44360777936528,208.26058401475342
4660,1.330912681,215.38127160000002,0.12,0.918155953,51.17235136454011,209.21396371145264
4670,1.328689098,216.481029,0.12,0.918155953,51.90109474631045,210.16734351709675
4680,1.326488003,217.5818459,0.12,0.918155953,52.62983830266216,211.12072324972502
4690,1.324309078,218.68370629999998,0.12,0.918155953,53.35858194116273,212.0741029318122
4700,1.322152012,219.7865945,0.12,0.918155953,54.087325255371354,213.02748266040018
4710,1.320016495,220.8904952,0.12,0.918155953,54.816068805108635,213.9808623930066
4720,1.317902226,221.9953932,0.12,0.918155953,55.54481232299507,214.93424209749796
4730,1.315808908,223.1012738,0.12,0.918155953,56.27355585453483,215.8876218838614
4740,1.313736249,224.20812229999999,0.12,0.918155953,57.00229940170257,216.84100158459518
4750,1.311683963,225.3159245,0.12,0.918155953,57.73104281090665,217.79438130781742
4760,1.309651767,226.4246665,0.12,0.918155953,58.459786355368266,218.74776108321868
4770,1.307639385,227.5343344,0.12,0.918155953,59.188529768241594,219.70114081343547
4780,1.305646543,228.6449148,0.12,0.918155953,59.917273444820474,220.65452047678033
4790,1.303672976,229.7563945,0.12,0.918155953,60.64601680858578,221.60790026281185
4800,1.301718419,230.86876039999999,0.12,0.918155953,61.374760247810165,222.56127995039125
4810,1.299782613,231.9819999,0.12,0.918155953,62.10350388359196,223.5146596601312
4820,1.297865305,233.09610039999998,0.12,0.918155953,62.83224741217149,224.46803938828916
4830,1.295966245,234.2110496,0.12,0.918155953,63.56099083498423,225.42141912162808
4840,1.294085186,235.3268355,0.12,0.918155953,64.28973444804369,226.37479884263638
4850,1.292221888,236.4434462,0.12,0.918155953,65.01847786692504,227.3281786026547
4860,1.290376112,237.5608701,0.12,0.918155953,65.74722142017178,228.28155834012517
4870,1.288547625,238.6790957,0.12,0.918155953,66.47596494610886,229.23493801917166
4880,1.286736198,239.79811189999998,0.12,0.918155953,67.20470831033026,230.18831780029225
4890,1.284941603,240.9179076,0.12,0.918155953,67.93345197145383,231.14169746197746
4900,1.28316362,242.0384721,0.12,0.918155953,68.66219546583456,232.09507726428413
4910,1.28140203,243.1597946,0.12,0.918155953,69.39093886212956,233.04845700786433
4920,1.279656617,244.2818647,0.12,0.918155953,70.11968243181371,234.0018366529859
4930,1.277927171,245.40467230000002,0.12,0.918155953,70.84842590507031,234.95521644229174
4940,1.276213483,246.5282072,0.12,0.918155953,71.5771695086043,235.90859617738107
4950,1.27451535,247.6524594,0.12,0.918155953,72.30591286384217,236.86197586737114
4960,1.272832569,248.7774194,0.12,0.918155953,73.03465647541755,237.81535559513657
4970,1.271164944,249.90307750000002,0.12,0.918155953,73.76339985763884,238.76873535999871
4980,1.269512279,251.02942439999998,0.12,0.918155953,74.49214335604995,239.72211515172523
4990,1.267874382,252.1564507,0.12,0.918155953,75.22088703913656,240.67549476975628
